-- INSERT HUBS
insert into Hubs (hName, hAddress, hLat, hLong) values ('Buckingham', '5 Red Cloud Road', 51.9976707,-0.979034);
insert into Hubs (hName, hAddress, hLat, hLong) values ('Toronto', '27 Kings College', 43.6688389,-79.4077604);
insert into Hubs (hName, hAddress, hLat, hLong) values ('UBC', '5 Sunnyside Alley', 49.2606087,-123.2481825);
insert into Hubs (hName, hAddress, hLat, hLong) values ('Mississauga', '100 City Dr', 43.5931112,-79.6444426);
insert into Hubs (hName, hAddress, hLat, hLong) values ('Dinh Doc Lap', '135 Nam Ky Khoi Nghia', 10.7770833, 106.6932374);

-- INSERT CUSTOMERS
insert into Customers (cName, cUsername, cPassword, cAddress, cLong, cLat) values ('Customer 1', 'customer1', '$2y$10$xuE7O9DoxetihCxzvy5qrOYwX32D2lE7A9WzTuy8gSOEVKROfdZBm', '111 Le Duan', 106.6943758, 10.7532291);
insert into Customers (cName, cUsername, cPassword, cAddress, cLong, cLat) values ('Merridie Ayliff', 'mayliff0', 'yKwdfCub', '584 Clarendon Point', 18.2051618, 51.7318422);
insert into Customers (cName, cUsername, cPassword, cAddress, cLong, cLat) values ('Udall Alliban', 'ualliban1', 'YhkApKWN', '93591 Claremont Drive', -57.6382382, -32.7021934);
insert into Customers (cName, cUsername, cPassword, cAddress, cLong, cLat) values ('Isacco Chapiro', 'ichapiro2', 'KKxcQjoUgI2', '59137 Tomscot Center', 120.7556573, 30.7603427);
insert into Customers (cName, cUsername, cPassword, cAddress, cLong, cLat) values ('Veronike Van Vuuren', 'vvan3', 'jxmLeIpdq', '1351 Stoughton Place', 101.738528, 26.497765);
insert into Customers (cName, cUsername, cPassword, cAddress, cLong, cLat) values ('Isabel Boots', 'iboots4', 'dH62iPbzHUEm', '96 Scofield Way', 83.5598, 51.3978);
insert into Customers (cName, cUsername, cPassword, cAddress, cLong, cLat) values ('Kiele Bright', 'kbright5', 'BleUyJ9s0', '63 Onsgard Street', -73.81476, 4.2157);
insert into Customers (cName, cUsername, cPassword, cAddress, cLong, cLat) values ('Matteo Sturte', 'msturte6', 'mzKHwlCWyki', '036 Saint Paul Parkway', 53.4440122, 54.5107844);
insert into Customers (cName, cUsername, cPassword, cAddress, cLong, cLat) values ('Flory Shireff', 'fshireff7', 'VURk3kcww28', '7800 Moose Way', 2.3237084, 48.8610504);
insert into Customers (cName, cUsername, cPassword, cAddress, cLong, cLat) values ('Florette Padfield', 'fpadfield8', 'Po4FoD', '98223 Judy Plaza', -6.2940354, 36.5292176);
insert into Customers (cName, cUsername, cPassword, cAddress, cLong, cLat) values ('Ive Dering', 'idering9', 'decRQjXDuJF', '9 Drewry Plaza', -7.9325424, 38.5703228);
insert into Customers (cName, cUsername, cPassword, cAddress, cLong, cLat) values ('Ogdon McTurlough', 'omcturlougha', 'yr64Vj811pM', '621 Oak Alley', 49.72433, 25.377098);
insert into Customers (cName, cUsername, cPassword, cAddress, cLong, cLat) values ('Kippie Dadson', 'kdadsonb', 'zvtftRF8b7vq', '905 Blue Bill Park Center', 32.6617808, 49.0730544);
insert into Customers (cName, cUsername, cPassword, cAddress, cLong, cLat) values ('Christabel Sommersett', 'csommersettc', '2b7vE7beA', '91 Old Shore Road', -35.8716137, -5.4430889);
insert into Customers (cName, cUsername, cPassword, cAddress, cLong, cLat) values ('Arther Sprionghall', 'asprionghalld', 'TRORLsZOVB9', '86 Forster Crossing', -103.9832684, 23.7321074);
insert into Customers (cName, cUsername, cPassword, cAddress, cLong, cLat) values ('Bank Bellin', 'bbelline', 'ymk03R8Ief', '55 Hansons Alley', 17.675786, 59.2690301);
insert into Customers (cName, cUsername, cPassword, cAddress, cLong, cLat) values ('Eben Bastiman', 'ebastimanf', 'Afl0gmhVXAJ', '15065 Maryland Way', -97.1466695, 31.549333);
insert into Customers (cName, cUsername, cPassword, cAddress, cLong, cLat) values ('Roderic Leyninye', 'rleyninyeg', 'kHKigWmw9u', '8279 Dovetail Alley', -73.960233, 10.148976);
insert into Customers (cName, cUsername, cPassword, cAddress, cLong, cLat) values ('Kylen Dabourne', 'kdabourneh', 'sHWeMO', '4396 Longview Lane', 58.2890043, 35.2531076);
insert into Customers (cName, cUsername, cPassword, cAddress, cLong, cLat) values ('Rosabelle Simounet', 'rsimouneti', 'ENmdPfp4FIP', '0926 Dottie Circle', 121.0022623, 14.5665991);
insert into Customers (cName, cUsername, cPassword, cAddress, cLong, cLat) values ('Lori Deave', 'ldeavej', 'XU5ppD6zIq6', '62482 Rieder Plaza', 43.333333, 15.8);
insert into Customers (cName, cUsername, cPassword, cAddress, cLong, cLat) values ('Klement Lorain', 'kloraink', 'kt6y9riAIT', '3 Division Pass', 110.359368, 21.270702);
insert into Customers (cName, cUsername, cPassword, cAddress, cLong, cLat) values ('Perl Vasyaev', 'pvasyaevl', 'mKfLLY', '85130 Granby Court', 36.5607888, 35.6139047);
insert into Customers (cName, cUsername, cPassword, cAddress, cLong, cLat) values ('Marti McGuire', 'mmcguirem', 'vMn5QYFf', '8 Schmedeman Hill', 102.521807, 35.202503);
insert into Customers (cName, cUsername, cPassword, cAddress, cLong, cLat) values ('Tammy Lago', 'tlagon', 'DfTHqjw5ca4e', '5 Hansons Hill', 115.429626, 30.203152);
insert into Customers (cName, cUsername, cPassword, cAddress, cLong, cLat) values ('Katherina Antalffy', 'kantalffyo', 'yCXLevbvR62l', '0 Gateway Parkway', 56.1415665, 57.9887927);
insert into Customers (cName, cUsername, cPassword, cAddress, cLong, cLat) values ('Susann Shelmerdine', 'sshelmerdinep', 'JSjaUVD9', '1262 Dennis Center', 79.9088564, 37.1212974);
insert into Customers (cName, cUsername, cPassword, cAddress, cLong, cLat) values ('Brinna Metherell', 'bmetherellq', 'G5NMUbl', '95 Magdeline Parkway', 10.4897546, 59.4269733);
insert into Customers (cName, cUsername, cPassword, cAddress, cLong, cLat) values ('Carrie Doble', 'cdobler', 'WkHPMdsExTA', '752 Michigan Crossing', -67.5350917, -14.4296108);
insert into Customers (cName, cUsername, cPassword, cAddress, cLong, cLat) values ('Maisey Nann', 'mnanns', 'XDalT3yUq8', '4 Bashford Court', 17.5964867, 59.8419074);
insert into Customers (cName, cUsername, cPassword, cAddress, cLong, cLat) values ('Tanya Ferrarone', 'tferraronet', 'gdXnxmrKU0L', '4685 Killdeer Junction', 13.8311208, 45.5246959);
insert into Customers (cName, cUsername, cPassword, cAddress, cLong, cLat) values ('Vicky Figgures', 'vfigguresu', 'WluGI2Ed', '07 Onsgard Crossing', 123.2875, -10.5411);
insert into Customers (cName, cUsername, cPassword, cAddress, cLong, cLat) values ('Dal Rycraft', 'drycraftv', '0r5YYHbq1', '574 Pleasure Trail', 91.016402, 28.841329);
insert into Customers (cName, cUsername, cPassword, cAddress, cLong, cLat) values ('Arney Imlaw', 'aimlaww', 'fX93gSJlhV', '718 Londonderry Center', -104.1175578, 24.4432479);
insert into Customers (cName, cUsername, cPassword, cAddress, cLong, cLat) values ('Elinor Caret', 'ecaretx', 'OpD2p4b1', '515 Spaight Pass', 101.4537902, 1.6832081);
insert into Customers (cName, cUsername, cPassword, cAddress, cLong, cLat) values ('Flory Iley', 'fileyy', 'uK4cDaTQZ', '14165 Sommers Trail', 23.0524409, 66.2185015);
insert into Customers (cName, cUsername, cPassword, cAddress, cLong, cLat) values ('Tiffanie Josefowicz', 'tjosefowiczz', 'oamFanW', '0221 Meadow Valley Lane', 19.2057487, 49.8474143);
insert into Customers (cName, cUsername, cPassword, cAddress, cLong, cLat) values ('Von Persey', 'vpersey10', 'HbQjjpf3gzn', '386 Washington Crossing', 100.3273368, -0.6850063);
insert into Customers (cName, cUsername, cPassword, cAddress, cLong, cLat) values ('Geoffry Potte', 'gpotte11', 'lfuCWNTQpFY', '91233 Golf View Crossing', -8.3535831, 39.4883941);
insert into Customers (cName, cUsername, cPassword, cAddress, cLong, cLat) values ('Gary Oller', 'goller12', 'ibdhlS', '2152 Randy Alley', 101.7519, 47.198811);
insert into Customers (cName, cUsername, cPassword, cAddress, cLong, cLat) values ('Annabell Swindlehurst', 'aswindlehurst13', 'BWzUCBT', '1 Saint Paul Court', 5.5466073, 46.6693059);
insert into Customers (cName, cUsername, cPassword, cAddress, cLong, cLat) values ('Gussi Tanti', 'gtanti14', 'MlBGieRv0wFv', '84872 Paget Place', 105.8730678, -6.4041582);
insert into Customers (cName, cUsername, cPassword, cAddress, cLong, cLat) values ('Joceline O''Hern', 'johern15', 'WRCXIxgvH', '4589 2nd Trail', 123.4144449, 12.5050457);
insert into Customers (cName, cUsername, cPassword, cAddress, cLong, cLat) values ('Rhianon Hannigane', 'rhannigane16', '0UIFwm1UDd', '7 Esch Court', 111.5259628, -6.7659245);
insert into Customers (cName, cUsername, cPassword, cAddress, cLong, cLat) values ('Mariel Vyel', 'mvyel17', 'vplHVntFaOz9', '4158 Lawn Pass', 114.057865, 22.543096);
insert into Customers (cName, cUsername, cPassword, cAddress, cLong, cLat) values ('Merola Wigley', 'mwigley18', 'EmIVOE', '3 Mccormick Crossing', -8.3894249, 41.4495777);
insert into Customers (cName, cUsername, cPassword, cAddress, cLong, cLat) values ('Susie Pietri', 'spietri19', 'MCAKkF9', '9241 Di Loreto Lane', 17.9158275, 59.3972707);
insert into Customers (cName, cUsername, cPassword, cAddress, cLong, cLat) values ('Solomon Pecht', 'specht1a', '4kk1dNHCF', '5082 Continental Drive', 124.9231052, 7.1756111);
insert into Customers (cName, cUsername, cPassword, cAddress, cLong, cLat) values ('Maggi Craddy', 'mcraddy1b', 'ynjJT67GS', '9 Caliangt Lane', -86.7114545, 33.6523096);
insert into Customers (cName, cUsername, cPassword, cAddress, cLong, cLat) values ('Findley Perott', 'fperott1c', '58shJTQRawK9', '12 Twin Pines Lane', 34.887762, 32.084041);
insert into Customers (cName, cUsername, cPassword, cAddress, cLong, cLat) values ('Nerty Hoodspeth', 'nhoodspeth1d', 'XWJ70B', '3454 Charing Cross Street', 119.3250347, -2.9118209);
insert into Customers (cName, cUsername, cPassword, cAddress, cLong, cLat) values ('Caria Le Pruvost', 'cle1e', '8SVtuq5Qj71m', '850 Ronald Regan Circle', 136.888602, 36.5503029);
insert into Customers (cName, cUsername, cPassword, cAddress, cLong, cLat) values ('Carling Hadny', 'chadny1f', '1i1yDo', '9 Farwell Alley', 118.623299, -8.509828);
insert into Customers (cName, cUsername, cPassword, cAddress, cLong, cLat) values ('Wrennie Woloschinski', 'wwoloschinski1g', 'Tx9pFqu8fT', '18572 Elgar Place', 119.9742793, 31.7711077);
insert into Customers (cName, cUsername, cPassword, cAddress, cLong, cLat) values ('Erroll Sherborn', 'esherborn1h', 'G7jX11x0UxG', '5355 Sundown Terrace', 115.5207358, -8.3465933);
insert into Customers (cName, cUsername, cPassword, cAddress, cLong, cLat) values ('Bamby Gwinnett', 'bgwinnett1i', 's5XZvGt9xYG', '1161 Jenifer Drive', 127.876503, 0.125082);
insert into Customers (cName, cUsername, cPassword, cAddress, cLong, cLat) values ('Millicent Battram', 'mbattram1j', 'e4lj02i0lbZ', '9420 Pepper Wood Park', 99.4172728, 3.0708714);
insert into Customers (cName, cUsername, cPassword, cAddress, cLong, cLat) values ('Barry Rathmell', 'brathmell1k', 'ivDHOse', '31 Reindahl Pass', 38.5734956, 54.8539133);
insert into Customers (cName, cUsername, cPassword, cAddress, cLong, cLat) values ('Anne Antognetti', 'aantognetti1l', 'VzjNSDgRs7qv', '11 Maywood Plaza', 119.571633, 29.086221);
insert into Customers (cName, cUsername, cPassword, cAddress, cLong, cLat) values ('Barny Brouwer', 'bbrouwer1m', 'qC8r91M5cBv', '8018 Blue Bill Park Center', 121.0317737, 14.565668);
insert into Customers (cName, cUsername, cPassword, cAddress, cLong, cLat) values ('Rudolf Inkle', 'rinkle1n', 'jMd0d9th7', '99 Bartelt Street', 19.0103213, 52.1260857);
insert into Customers (cName, cUsername, cPassword, cAddress, cLong, cLat) values ('Carolynn Morley', 'cmorley1o', 'aziJ8r', '85 Hoepker Pass', 113.543784, 22.265811);
insert into Customers (cName, cUsername, cPassword, cAddress, cLong, cLat) values ('Davey Lunn', 'dlunn1p', 'DNOLXq', '091 Bayside Junction', 96.719767, 31.051908);
insert into Customers (cName, cUsername, cPassword, cAddress, cLong, cLat) values ('Morganica Walles', 'mwalles1q', 'RkTpNI', '26 Moland Avenue', -16.6703963, 13.4794397);
insert into Customers (cName, cUsername, cPassword, cAddress, cLong, cLat) values ('Reta Boule', 'rboule1r', 'ImP3CIPtQ', '09 Morrow Avenue', 7.3372459, 47.8060989);
insert into Customers (cName, cUsername, cPassword, cAddress, cLong, cLat) values ('Yovonnda Chadderton', 'ychadderton1s', 'KydHYk', '8219 Logan Center', 107.1854181, -6.3811392);
insert into Customers (cName, cUsername, cPassword, cAddress, cLong, cLat) values ('Yasmeen Newitt', 'ynewitt1t', '6md3BEZPb8', '2 Towne Drive', -8.7011957, 40.4889794);
insert into Customers (cName, cUsername, cPassword, cAddress, cLong, cLat) values ('Patricia Radolf', 'pradolf1u', 'mJoBKn', '18 Buell Trail', 123.6441498, 11.144989);
insert into Customers (cName, cUsername, cPassword, cAddress, cLong, cLat) values ('Felicity Gilks', 'fgilks1v', 'cMq0sWcTE2bM', '6 Old Shore Lane', 15.8795516, 49.2147869);
insert into Customers (cName, cUsername, cPassword, cAddress, cLong, cLat) values ('Charlene Lapree', 'clapree1w', 'wDVJefAQCC76', '2 Red Cloud Circle', 110.268057, 21.920665);
insert into Customers (cName, cUsername, cPassword, cAddress, cLong, cLat) values ('Kenna Hanretty', 'khanretty1x', 'AEPPC9n4jiAr', '58 Karstens Crossing', 127.059486, 45.911222);
insert into Customers (cName, cUsername, cPassword, cAddress, cLong, cLat) values ('Vikky Mordanti', 'vmordanti1y', 'Ew2XowMMy4y', '0 Blue Bill Park Plaza', 2.133823, 41.3641068);
insert into Customers (cName, cUsername, cPassword, cAddress, cLong, cLat) values ('Gradey Pooke', 'gpooke1z', 'lvY1vZ8nVv', '45624 Gulseth Hill', -75.6816631, 6.7884819);
insert into Customers (cName, cUsername, cPassword, cAddress, cLong, cLat) values ('Clo MacColl', 'cmaccoll20', 'n3epNq', '9301 Comanche Street', 132.991547, -5.657692);
insert into Customers (cName, cUsername, cPassword, cAddress, cLong, cLat) values ('Rosamund Blei', 'rblei21', 'FXPdt3N1', '7 Jackson Crossing', 118.382379, 30.673618);
insert into Customers (cName, cUsername, cPassword, cAddress, cLong, cLat) values ('Rayna Tellenbach', 'rtellenbach22', 'OUT9it4hq', '00717 5th Lane', 121.015142, 30.677233);
insert into Customers (cName, cUsername, cPassword, cAddress, cLong, cLat) values ('Nessy Densey', 'ndensey23', 'mU9BGiI7', '6661 Dixon Road', 143.3024788, 42.3968365);
insert into Customers (cName, cUsername, cPassword, cAddress, cLong, cLat) values ('Gilberta Ashborn', 'gashborn24', 'QpZOS2j4hG22', '23 Armistice Lane', 104.0444828, 17.9670882);
insert into Customers (cName, cUsername, cPassword, cAddress, cLong, cLat) values ('Kaleb Beney', 'kbeney25', '9VrjmwdY', '8124 Lawn Drive', 27.9466224, 47.7498348);
insert into Customers (cName, cUsername, cPassword, cAddress, cLong, cLat) values ('Heath McAlarney', 'hmcalarney26', 'KbGgBl', '165 2nd Street', 14.8112191, 49.4067724);
insert into Customers (cName, cUsername, cPassword, cAddress, cLong, cLat) values ('Tamas Outright', 'toutright27', 'ypjSD5UE', '311 Delladonna Drive', -46.3204265, -23.3969682);
insert into Customers (cName, cUsername, cPassword, cAddress, cLong, cLat) values ('Jodi Wheelwright', 'jwheelwright28', 'y5b2N4xOkA', '33868 Katie Hill', 17.1602866, 52.1567272);
insert into Customers (cName, cUsername, cPassword, cAddress, cLong, cLat) values ('Abran Corley', 'acorley29', 'pAbLQ7Oevr', '833 Johnson Junction', 32.661718, 49.0730144);
insert into Customers (cName, cUsername, cPassword, cAddress, cLong, cLat) values ('David Carnegie', 'dcarnegie2a', 'PQSOa0CBGB', '3218 Jackson Lane', 61.3976419, 57.1101387);
insert into Customers (cName, cUsername, cPassword, cAddress, cLong, cLat) values ('Lynnet Flann', 'lflann2b', '5Yp9EYVVKv', '55 Texas Crossing', 14.5413068, 48.9480609);
insert into Customers (cName, cUsername, cPassword, cAddress, cLong, cLat) values ('Ole Teodoro', 'oteodoro2c', 'XQE1Pt4', '60901 Southridge Hill', -97.32676, 50.13441);
insert into Customers (cName, cUsername, cPassword, cAddress, cLong, cLat) values ('Amble Ianne', 'aianne2d', 'MlfqHKUpAI9', '42862 Fair Oaks Terrace', 21.66654, 50.88758);
insert into Customers (cName, cUsername, cPassword, cAddress, cLong, cLat) values ('Nara Gilluley', 'ngilluley2e', 'pe8mX5', '17282 Northview Crossing', -75.4111644, 5.0792613);
insert into Customers (cName, cUsername, cPassword, cAddress, cLong, cLat) values ('Mirelle Scarlan', 'mscarlan2f', '2LZ2Itea88', '29 Birchwood Center', 32.2256803, -17.4086322);
insert into Customers (cName, cUsername, cPassword, cAddress, cLong, cLat) values ('Zilvia Spencer', 'zspencer2g', 'rPCjHyCpH', '520 Colorado Parkway', 16.7769535, 60.6184239);
insert into Customers (cName, cUsername, cPassword, cAddress, cLong, cLat) values ('Tabbatha Hissett', 'thissett2h', '4AZDHvYy', '9 Old Shore Terrace', -40.5120603, -11.1816506);
insert into Customers (cName, cUsername, cPassword, cAddress, cLong, cLat) values ('Irvine Calveley', 'icalveley2i', 'aG2L2v2', '59548 Starling Avenue', 30.7807444, 31.2724505);
insert into Customers (cName, cUsername, cPassword, cAddress, cLong, cLat) values ('Vassili Iacopetti', 'viacopetti2j', '9gCcG8KeGy', '26 Tomscot Crossing', 119.08713, 25.179836);
insert into Customers (cName, cUsername, cPassword, cAddress, cLong, cLat) values ('Braden Dullard', 'bdullard2k', 'Le9br5cG', '17557 Ilene Pass', 106.8672736, -6.2900045);
insert into Customers (cName, cUsername, cPassword, cAddress, cLong, cLat) values ('Mimi Laguerre', 'mlaguerre2l', '5fRchytV', '49218 Porter Terrace', 17.2885932, 62.4150445);
insert into Customers (cName, cUsername, cPassword, cAddress, cLong, cLat) values ('Emmott Shelsher', 'eshelsher2m', 'iYOtiIGzl', '13998 Village Lane', -75.872356, 5.0605779);
insert into Customers (cName, cUsername, cPassword, cAddress, cLong, cLat) values ('Reuven Larenson', 'rlarenson2n', 'Qf8S3i', '794 7th Pass', -70.1930064, -22.0857976);
insert into Customers (cName, cUsername, cPassword, cAddress, cLong, cLat) values ('Alvy Melendez', 'amelendez2o', 'VHBPgjWkFh', '5 Wayridge Street', 2.2718631, 48.8120404);
insert into Customers (cName, cUsername, cPassword, cAddress, cLong, cLat) values ('Smith Retallack', 'sretallack2p', 'qO9lS5', '80456 Troy Crossing', -75.433419, 2.886246);
insert into Customers (cName, cUsername, cPassword, cAddress, cLong, cLat) values ('Milli St. John', 'mst2q', '2ASGkOW2M', '35756 Cottonwood Lane', -73.3384471, 9.5608923);
insert into Customers (cName, cUsername, cPassword, cAddress, cLong, cLat) values ('Rozanne O''Curran', 'rocurran2r', 'iDrJr3lcIHyj', '16 Ridgeview Avenue', -74.0740729, 4.5943745);


-- INSERT VENDORS
insert into Vendors (vName, vUsername, vPassword, vAddress, vLong, vLat, hubID) values ('Vendor 1', 'vendor1', '$2y$10$xuE7O9DoxetihCxzvy5qrOYwX32D2lE7A9WzTuy8gSOEVKROfdZBm', '702 Nguyen Van Linh', 106.7017067, 10.7263306, 1);
insert into Vendors (vName, vUsername, vPassword, vAddress, vLong, vLat, hubID) values ('Gigazoom', 'tframe0', 'Va9RVL5', '44793 Miller Park', -87.8501554, 15.2939516, 4);
insert into Vendors (vName, vUsername, vPassword, vAddress, vLong, vLat, hubID) values ('Edgeify', 'wkyne1', '7P22G2l0Vwb', '35 Orin Park', 109.6646748, -6.892162, 3);
insert into Vendors (vName, vUsername, vPassword, vAddress, vLong, vLat, hubID) values ('Yakijo', 'mdy2', 'MAoL0WKF', '59591 Elka Center', 18.0509133, 59.2891092, 1);
insert into Vendors (vName, vUsername, vPassword, vAddress, vLong, vLat, hubID) values ('Oba', 'mneiland3', 'qBa0e9', '256 Atwood Lane', 109.410683, 24.315499, 3);
insert into Vendors (vName, vUsername, vPassword, vAddress, vLong, vLat, hubID) values ('Realfire', 'srhoddie4', 'WSsnE6xzc1', '54579 Red Cloud Trail', 55.36468, 51.766482, 3);
insert into Vendors (vName, vUsername, vPassword, vAddress, vLong, vLat, hubID) values ('Mycat', 'dsodeau5', 'qNxg74', '7377 Summer Ridge Alley', 122.7785327, 7.7916349, 2);
insert into Vendors (vName, vUsername, vPassword, vAddress, vLong, vLat, hubID) values ('Eazzy', 'jbamling6', 'q2qL6MJM', '26758 Hudson Trail', 10.4755594, 61.1006924, 5);
insert into Vendors (vName, vUsername, vPassword, vAddress, vLong, vLat, hubID) values ('Roodel', 'cgiacobo7', 'Iimfj6nVHY', '542 Talisman Place', 102.6298251, 14.9649534, 5);
insert into Vendors (vName, vUsername, vPassword, vAddress, vLong, vLat, hubID) values ('Yoveo', 'vrapper8', '1cbBsJF', '0074 Bluejay Park', 112.851831, 35.490701, 1);
insert into Vendors (vName, vUsername, vPassword, vAddress, vLong, vLat, hubID) values ('Feedfish', 'bovitts9', '240LgpHen', '5 Annamark Park', 37.902732, 56.178249, 2);
insert into Vendors (vName, vUsername, vPassword, vAddress, vLong, vLat, hubID) values ('Katz', 'dpyea', 'grQiRHM92', '73 Sundown Plaza', 119.910952, 31.026665, 4);
insert into Vendors (vName, vUsername, vPassword, vAddress, vLong, vLat, hubID) values ('Edgewire', 'tdugganb', 'tkHahas', '347 Reinke Junction', 98.9366407, 45.0152528, 3);
insert into Vendors (vName, vUsername, vPassword, vAddress, vLong, vLat, hubID) values ('Jetwire', 'vcraikerc', 'mYftX8hAVV', '57 Scott Crossing', 108.2051228, 34.1586321, 2);
insert into Vendors (vName, vUsername, vPassword, vAddress, vLong, vLat, hubID) values ('Dabfeed', 'agerbeld', 'fQH6hBeMTu', '33833 Burrows Court', 108.960747, 34.26645, 1);
insert into Vendors (vName, vUsername, vPassword, vAddress, vLong, vLat, hubID) values ('Youbridge', 'agirardeze', 'CtHn24q', '20703 Onsgard Terrace', 12.5789091, 56.1947971, 4);
insert into Vendors (vName, vUsername, vPassword, vAddress, vLong, vLat, hubID) values ('Wikizz', 'sdootsonf', 'epYczuOA6A', '0 Sunfield Hill', -70.3583879, 8.5681393, 2);
insert into Vendors (vName, vUsername, vPassword, vAddress, vLong, vLat, hubID) values ('Yodoo', 'eporkerg', 'GEnoWkRUFiV', '99530 Northfield Lane', 131.3980655, 34.0899029, 2);
insert into Vendors (vName, vUsername, vPassword, vAddress, vLong, vLat, hubID) values ('Blogtags', 'texallh', 'QcDTzt3Lob6', '00 Scoville Trail', 121.5594587, 16.6969748, 1);
insert into Vendors (vName, vUsername, vPassword, vAddress, vLong, vLat, hubID) values ('Photojam', 'okondratovichi', 'WEttsSMOktQW', '30743 Monument Hill', 22.9989148, 41.2612832, 2);
insert into Vendors (vName, vUsername, vPassword, vAddress, vLong, vLat, hubID) values ('Jabbercube', 'hcarleyj', 'PvLb70ONqSF', '7581 Crest Line Terrace', 16.0446553, 46.0261155, 2);

-- INSERT SHIPPERS
insert into Shippers (sUsername, sPassword, hubID) values ('shipper1', '$2y$10$xuE7O9DoxetihCxzvy5qrOYwX32D2lE7A9WzTuy8gSOEVKROfdZBm', 1);
insert into Shippers (sUsername, sPassword, hubID) values ('ggotts0', 'YPqoYaa', 4);
insert into Shippers (sUsername, sPassword, hubID) values ('esorby1', 'mItMc5q4', 4);
insert into Shippers (sUsername, sPassword, hubID) values ('cgilfillan2', 'QqEI1xHkmXu', 2);
insert into Shippers (sUsername, sPassword, hubID) values ('hyardy3', 'LIssjKmn4', 1);
insert into Shippers (sUsername, sPassword, hubID) values ('wpaike4', 'ikzYipQj', 1);
insert into Shippers (sUsername, sPassword, hubID) values ('emuddimer5', 'ilY5fJ', 1);
insert into Shippers (sUsername, sPassword, hubID) values ('cmattin6', 'ynRY7QFrQ', 5);
insert into Shippers (sUsername, sPassword, hubID) values ('haizikov7', 'mloz8Obu', 3);
insert into Shippers (sUsername, sPassword, hubID) values ('gmettrick8', 'ErQKFD', 1);
insert into Shippers (sUsername, sPassword, hubID) values ('leye9', 'Tasb7H1UyyCR', 2);
insert into Shippers (sUsername, sPassword, hubID) values ('pcaskeya', 'H91vHPq3', 4);
insert into Shippers (sUsername, sPassword, hubID) values ('rdaughtonb', '6cc9rzMptr9', 2);
insert into Shippers (sUsername, sPassword, hubID) values ('aentisslec', '9S3RDoKVABy', 2);
insert into Shippers (sUsername, sPassword, hubID) values ('jilbertd', 'UZXlxeWyIB9', 5);
insert into Shippers (sUsername, sPassword, hubID) values ('asanjae', 'Uyb4Y4', 2);
insert into Shippers (sUsername, sPassword, hubID) values ('vdemeridaf', 'wpoKgK2RXx', 1);
insert into Shippers (sUsername, sPassword, hubID) values ('mjirucag', 'AOB6piSYSP', 2);
insert into Shippers (sUsername, sPassword, hubID) values ('avintonh', 'wArE666G', 4);
insert into Shippers (sUsername, sPassword, hubID) values ('cfelsteadi', '847QYX9', 5);
insert into Shippers (sUsername, sPassword, hubID) values ('eyezafovichj', 'AmecM4DQevv', 3);

-- INSERT PRODUCTS
insert into Products (productID, pName, vendorID, price) values (1, 'Pepper - Red Chili', 3, 298);
insert into Products (productID, pName, vendorID, price) values (2, 'Rabbit - Whole', 20, 83);
insert into Products (productID, pName, vendorID, price) values (3, 'Crab - Imitation Flakes', 8, 141);
insert into Products (productID, pName, vendorID, price) values (4, 'The Pop Shoppe - Cream Soda', 11, 150);
insert into Products (productID, pName, vendorID, price) values (5, 'Sole - Iqf', 5, 13);
insert into Products (productID, pName, vendorID, price) values (6, 'Pork - Loin, Bone - In', 13, 149);
insert into Products (productID, pName, vendorID, price) values (7, 'Carbonated Water - White Grape', 6, 58);
insert into Products (productID, pName, vendorID, price) values (8, 'Pepper - Yellow Bell', 12, 72);
insert into Products (productID, pName, vendorID, price) values (9, 'Wood Chips - Regular', 8, 80);
insert into Products (productID, pName, vendorID, price) values (10,'Cookie - Oreo 100x2', 9, 150);
insert into Products (productID, pName, vendorID, price) values (11,'General Purpose Trigger', 15, 108);
insert into Products (productID, pName, vendorID, price) values (12, 'Water - San Pellegrino', 11, 89);
insert into Products (productID, pName, vendorID, price) values (13, 'Potatoes - Peeled', 9, 63);
insert into Products (productID, pName, vendorID, price) values (14,'Cut Wakame - Hanawakaba', 14, 111);
insert into Products (productID, pName, vendorID, price) values (15,'Pickles - Gherkins', 13, 194);
insert into Products (productID, pName, vendorID, price) values (16,'Corn - Mini', 5, 54);
insert into Products (productID, pName, vendorID, price) values (17,'Crab - Claws, Snow 16 - 24', 20, 200);
insert into Products (productID, pName, vendorID, price) values (18,'Truffle Cups - Brown', 15, 130);
insert into Products (productID, pName, vendorID, price) values (19,'Tea - Mint', 13, 162);
insert into Products (productID, pName, vendorID, price) values (20,'Chicken Thigh - Bone Out', 1, 224);
insert into Products (productID, pName, vendorID, price) values (21,'Sprite, Diet - 355ml', 1, 132);
insert into Products (productID, pName, vendorID, price) values (22,'Beef - Short Ribs', 9, 33);
insert into Products (productID, pName, vendorID, price) values (23,'Alize Sunset', 4, 209);
insert into Products (productID, pName, vendorID, price) values (24,'Praline Paste', 11, 160);
insert into Products (productID, pName, vendorID, price) values (25,'Swiss Chard - Red', 16, 111);
insert into Products (productID, pName, vendorID, price) values (26,'Cheese - Havarti, Salsa', 2, 202);
insert into Products (productID, pName, vendorID, price) values (27,'Pumpkin', 14, 142);
insert into Products (productID, pName, vendorID, price) values (28,'Chinese Foods - Cantonese', 16, 70);
insert into Products (productID, pName, vendorID, price) values (29,'Cheese - Cheddar, Old White', 13, 225);
insert into Products (productID, pName, vendorID, price) values (30,'Shiro Miso', 9, 242);
insert into Products (productID, pName, vendorID, price) values (31,'Soup - Canadian Pea, Dry Mix', 10, 233);
insert into Products (productID, pName, vendorID, price) values (32,'Wine - Two Oceans Cabernet', 4, 229);
insert into Products (productID, pName, vendorID, price) values (33,'Bananas', 3, 100);
insert into Products (productID, pName, vendorID, price) values (34,'Veal - Chops, Split, Frenched', 18, 262);
insert into Products (productID, pName, vendorID, price) values (35,'Soup - Campbells, Lentil', 13, 237);
insert into Products (productID, pName, vendorID, price) values (36,'Pail - 4l White, With Handle', 13, 287);
insert into Products (productID, pName, vendorID, price) values (37,'Appetizer - Lobster Phyllo Roll', 2, 284);
insert into Products (productID, pName, vendorID, price) values (38,'Smoked Paprika', 20, 108);
insert into Products (productID, pName, vendorID, price) values (39,'Turkey - Breast, Double', 11, 221);
insert into Products (productID, pName, vendorID, price) values (40,'Doilies - 12, Paper', 20, 110);
insert into Products (productID, pName, vendorID, price) values (41,'Ecolab - Balanced Fusion', 4, 185);

-- INSERT ORDERS
insert into Orders (oStatus, customerID, vendorID, productID) values ('Ready', 5, 2, 38);
insert into Orders (oStatus, customerID, vendorID, productID) values ('Ready', 16, 7, 9);
insert into Orders (oStatus, customerID, vendorID, productID) values ('Ready', 7, 20, 31);
insert into Orders (oStatus, customerID, vendorID, productID) values ('Ready', 18, 6, 8);
insert into Orders (oStatus, customerID, vendorID, productID) values ('Ready', 10, 10, 13);
insert into Orders (oStatus, customerID, vendorID, productID) values ('Ready', 8, 17, 5);
insert into Orders (oStatus, customerID, vendorID, productID) values ('Ready', 19, 11, 20);
insert into Orders (oStatus, customerID, vendorID, productID) values ('Ready', 5, 12, 27);
insert into Orders (oStatus, customerID, vendorID, productID) values ('Ready', 14, 20, 23);
insert into Orders (oStatus, customerID, vendorID, productID) values ('Ready', 14, 7, 7);
insert into Orders (oStatus, customerID, vendorID, productID) values ('Ready', 16, 12, 36);
insert into Orders (oStatus, customerID, vendorID, productID) values ('Ready', 3, 5, 32);
insert into Orders (oStatus, customerID, vendorID, productID) values ('Ready', 19, 10, 13);
insert into Orders (oStatus, customerID, vendorID, productID) values ('Ready', 16, 9, 19);
insert into Orders (oStatus, customerID, vendorID, productID) values ('Ready', 14, 20, 20);
insert into Orders (oStatus, customerID, vendorID, productID) values ('Ready', 13, 10, 26);
insert into Orders (oStatus, customerID, vendorID, productID) values ('Ready', 10, 6, 20);
insert into Orders (oStatus, customerID, vendorID, productID) values ('Ready', 19, 10, 8);
insert into Orders (oStatus, customerID, vendorID, productID) values ('Ready', 5, 19, 27);
insert into Orders (oStatus, customerID, vendorID, productID) values ('Ready', 17, 20, 27);
insert into Orders (oStatus, customerID, vendorID, productID) values ('Ready', 3, 8, 11);
insert into Orders (oStatus, customerID, vendorID, productID) values ('Ready', 17, 7, 2);
insert into Orders (oStatus, customerID, vendorID, productID) values ('Ready', 12, 8, 27);
insert into Orders (oStatus, customerID, vendorID, productID) values ('Ready', 1, 12, 23);
insert into Orders (oStatus, customerID, vendorID, productID) values ('Ready', 7, 12, 11);
insert into Orders (oStatus, customerID, vendorID, productID) values ('Ready', 18, 15, 35);
insert into Orders (oStatus, customerID, vendorID, productID) values ('Ready', 9, 5, 34);
insert into Orders (oStatus, customerID, vendorID, productID) values ('Ready', 19, 1, 16);
insert into Orders (oStatus, customerID, vendorID, productID) values ('Ready', 5, 7,  17);
insert into Orders (oStatus, customerID, vendorID, productID) values ('Ready', 1, 13, 35);
insert into Orders (oStatus, customerID, vendorID, productID) values ('Ready', 8, 2, 24);
insert into Orders (oStatus, customerID, vendorID, productID) values ('Ready', 8, 20, 23);
insert into Orders (oStatus, customerID, vendorID, productID) values ('Ready', 10, 19, 24);
insert into Orders (oStatus, customerID, vendorID, productID) values ('Ready', 15, 3, 21);
insert into Orders (oStatus, customerID, vendorID, productID) values ('Ready', 12, 5, 12);
insert into Orders (oStatus, customerID, vendorID, productID) values ('Ready', 17, 14, 25);
insert into Orders (oStatus, customerID, vendorID, productID) values ('Ready', 11, 13, 28);
insert into Orders (oStatus, customerID, vendorID, productID) values ('Ready', 13, 4, 29);
insert into Orders (oStatus, customerID, vendorID, productID) values ('Ready', 1, 5, 8);
insert into Orders (oStatus, customerID, vendorID, productID) values ('Ready', 4, 8, 16);

-- INSERT ROLES
INSERT INTO Roles (roleName) values ('VENDOR');
INSERT INTO Roles (roleName) values ('CUSTOMER');
INSERT INTO Roles (roleName) values ('SHIPPER');

-- INTIALLY UPDATE ALL PASSWORDS TO A HASHED PASSWORD FOR TESTING PURPOSE (String: myPassword)
-- --- RUN ONCE
UPDATE Customers SET `cPassword`='$2y$10$xuE7O9DoxetihCxzvy5qrOYwX32D2lE7A9WzTuy8gSOEVKROfdZBm' WHERE `customerID` >= 1;
UPDATE Vendors SET `vPassword`='$2y$10$xuE7O9DoxetihCxzvy5qrOYwX32D2lE7A9WzTuy8gSOEVKROfdZBm' WHERE `vendorID` >= 1;
UPDATE Shippers SET `sPassword`='$2y$10$xuE7O9DoxetihCxzvy5qrOYwX32D2lE7A9WzTuy8gSOEVKROfdZBm' WHERE `shipperID` >= 1;

-- INSERT ALL USERNAMES FROM `Customers`, `Vendors`, `Shippers` TO `Users` TABLE 
-- - -- REASON FOR THIS TABLE: CHECK UNIQUENESS OF USERNAMES AND STORE USER ROLES
